{
  "camera_matrix": [
    [
      1157.7794216112468,
      0.0,
      667.1110497088982
    ],
    [
      0.0,
      1152.823051522073,
      386.1290685021868
    ],
    [
      0.0,
      0.0,
      1.0
    ]
  ],
  "distortion_coefficients": [
    [
      -0.24688832643469624,
      -0.023728161747779312,
      -0.0010984299495585175,
      0.00035105289713921836,
      -0.0025913484945010497
    ]
  ]
}